3KVXgn44vYAcA7P4ADZNV4H6e31GGJC1vN,0.3
3KVXgn44vYAcA7P4ADZNV4H6e31GGJC1vN,0.36
3KVXgn44vYAcA7P4ADZNV4H6e31GGJC1vN,5.0
3KVXgn44vYAcA7P4ADZNV4H6e31GGJC1vN,3.0
3KVXgn44vYAcA7P4ADZNV4H6e31GGJC1vN,0.3
3KVXgn44vYAcA7P4ADZNV4H6e31GGJC1vN,0.5
3KVXgn44vYAcA7P4ADZNV4H6e31GGJC1vN,0.36
3KVXgn44vYAcA7P4ADZNV4H6e31GGJC1vN,0.24
3KVXgn44vYAcA7P4ADZNV4H6e31GGJC1vN,0.67
3KVXgn44vYAcA7P4ADZNV4H6e31GGJC1vN,0.44
3KVXgn44vYAcA7P4ADZNV4H6e31GGJC1vN,5.0
3KVXgn44vYAcA7P4ADZNV4H6e31GGJC1vN,5.0
3KVXgn44vYAcA7P4ADZNV4H6e31GGJC1vN,0.33
3KVXgn44vYAcA7P4ADZNV4H6e31GGJC1vN,3.0
3KVXgn44vYAcA7P4ADZNV4H6e31GGJC1vN,0.3
3KVXgn44vYAcA7P4ADZNV4H6e31GGJC1vN,0.5
3KVXgn44vYAcA7P4ADZNV4H6e31GGJC1vN,0.36
3KVXgn44vYAcA7P4ADZNV4H6e31GGJC1vN,0.24
3KVXgn44vYAcA7P4ADZNV4H6e31GGJC1vN,0.67
3KVXgn44vYAcA7P4ADZNV4H6e31GGJC1vN,0.44
3KVXgn44vYAcA7P4ADZNV4H6e31GGJC1vN,5.0
3KVXgn44vYAcA7P4ADZNV4H6e31GGJC1vN,5.0
3KVXgn44vYAcA7P4ADZNV4H6e31GGJC1vN,0.33
3KVXgn44vYAcA7P4ADZNV4H6e31GGJC1vN,3.0
3KVXgn44vYAcA7P4ADZNV4H6e31GGJC1vN,0.3
3KVXgn44vYAcA7P4ADZNV4H6e31GGJC1vN,0.5
3KVXgn44vYAcA7P4ADZNV4H6e31GGJC1vN,0.36
3KVXgn44vYAcA7P4ADZNV4H6e31GGJC1vN,0.24
3KVXgn44vYAcA7P4ADZNV4H6e31GGJC1vN,0.67
3KVXgn44vYAcA7P4ADZNV4H6e31GGJC1vN,0.44
3KVXgn44vYAcA7P4ADZNV4H6e31GGJC1vN,5.0
3KVXgn44vYAcA7P4ADZNV4H6e31GGJC1vN,5.0
3KVXgn44vYAcA7P4ADZNV4H6e31GGJC1vN,0.3
3KVXgn44vYAcA7P4ADZNV4H6e31GGJC1vN,0.36
3KVXgn44vYAcA7P4ADZNV4H6e31GGJC1vN,5.0
